Elev(feet),Cap(acre-ft),Area(acres),
4078,0,0,Cell2
4078.1,0.024,0.081,Cell2
4078.2,0.037,0.236,Cell2
4078.3,0.072,0.565,Cell2
4078.4,0.149,1.091,Cell2
4078.5,0.288,1.852,Cell2
4078.6,0.508,2.671,Cell2
4078.7,0.796,3.155,Cell2
4078.8,1.119,3.49,Cell2
4078.9,1.476,3.798,Cell2
4079,1.862,4.125,Cell2
4079.1,2.284,4.527,Cell2
4079.2,2.751,5.057,Cell2
4079.3,3.278,5.765,Cell2
4079.4,3.886,6.762,Cell2
4079.5,4.609,8.062,Cell2
4079.6,5.467,9.517,Cell2
4079.7,6.476,10.982,Cell2
4079.8,7.626,12.394,Cell2
4079.9,8.916,13.817,Cell2
4080,10.382,16.658,Cell2
4080.1,12.406,26.614,Cell2
4080.2,15.869,45.656,Cell2
4080.3,21.999,84.21,Cell2
4080.4,33.397,154.903,Cell2
4080.5,53.655,259.432,Cell2
4080.6,85.665,383.057,Cell2
4080.7,128.56,459.809,Cell2
4080.8,176.802,501.383,Cell2
4080.9,228.767,537.577,Cell2
4081,284.414,578.686,Cell2
4081.1,344.568,626.855,Cell2
4081.2,409.744,679.127,Cell2
4081.3,480.075,728.42,Cell2
4081.4,554.973,770.014,Cell2
4081.5,633.691,805.794,Cell2
4081.6,715.786,837.657,Cell2
4081.7,800.819,865.445,Cell2
4081.8,888.53,892.413,Cell2
4081.9,978.945,919.456,Cell2
4082,1072.065,947.201,Cell2
4082.1,1168,975.762,Cell2
4082.2,1266.834,1005.422,Cell2
4082.3,1368.754,1038.715,Cell2
4082.4,1474.299,1078.168,Cell2
4082.5,1583.974,1122.326,Cell2
4082.6,1698.378,1174.003,Cell2
4082.7,1818.366,1234.69,Cell2
4082.8,1944.765,1307.698,Cell2
4082.9,2079.213,1395.979,Cell2
4083,2223.12,1503.853,Cell2
4083.1,2378.796,1634.035,Cell2
4083.2,2548.688,1789.486,Cell2
4083.3,2735.027,1971.24,Cell2
4083.4,2940.81,2182.047,Cell2
4083.5,3168.881,2417.942,Cell2
4083.6,3421.404,2669.5,Cell2
4083.7,3699.552,2924.33,Cell2
4083.8,4003.322,3174.348,Cell2
4083.9,4331.954,3410.221,Cell2
4084,4683.632,3626.579,Cell2
4084.1,5056.235,3818.229,Cell2
4084.2,5447.158,3984.212,Cell2
4084.3,5853.708,4125.876,Cell2
4084.4,6273.526,4246.251,Cell2
4084.5,6704.591,4349.411,Cell2
4084.6,7145.291,4437.806,Cell2
4084.7,7594.44,4512.185,Cell2
4084.8,8049.695,4572.873,Cell2
4084.9,8510.95,4621.356,Cell2
4085,8975.963,4660.164,Cell2
4085.1,9444.632,4690.692,Cell2
4085.2,9916.1,4714.894,Cell2
4085.3,10389.423,4734.23,Cell2
4085.4,10864.41,4749.787,Cell2
4085.5,11340.697,4762.282,Cell2
4085.6,11818.024,4772.183,Cell2
4085.7,12296.169,4780.144,Cell2
4085.8,12774.946,4786.647,Cell2
4085.9,13254.253,4792.117,Cell2
4086,13734.017,4796.714,Cell2
4086.1,14214.148,4800.556,Cell2
4086.2,14694.585,4803.863,Cell2
4086.3,15175.304,4806.853,Cell2
4086.4,15656.275,4809.531,Cell2
4086.5,16137.473,4811.919,Cell2
4086.6,16618.874,4814.047,Cell2
4086.7,17100.469,4816.013,Cell2
4086.8,17582.217,4817.853,Cell2
4086.9,18064.155,4819.595,Cell2
4087,18546.23,4821.233,Cell2
4087.1,19028.478,4822.832,Cell2
4087.2,19510.889,4824.402,Cell2
4087.3,19993.438,4825.989,Cell2
4087.4,20476.17,4827.624,Cell2
4087.5,20959.052,4829.28,Cell2
4087.6,21442.108,4830.973,Cell2
4087.7,21925.336,4832.708,Cell2
4087.8,22408.741,4834.44,Cell2
4087.9,22892.325,4836.124,Cell2
4088,23376.078,4837.846,Cell2
4088.1,23860.013,4839.652,Cell2
4088.2,24344.134,4841.435,Cell2
4088.3,24828.424,4843.048,Cell2
4088.4,25312.863,4844.523,Cell2
4088.5,25797.439,4845.923,Cell2
4088.6,26282.142,4847.208,Cell2
4088.7,26766.961,4848.337,Cell2
4088.8,27251.879,4849.357,Cell2
4088.9,27736.89,4850.227,Cell2
4089,28221.968,4850.977,Cell2
4089.1,28707.119,4851.626,Cell2
4089.2,29192.33,4852.175,Cell2
4089.3,29677.584,4852.652,Cell2
4089.4,30162.887,4853.039,Cell2
4089.5,30648.219,4853.365,Cell2
4089.6,31133.58,4853.645,Cell2
4089.7,31618.964,4853.873,Cell2
4089.8,32104.369,4854.069,Cell2
4089.9,32589.789,4854.22,Cell2
4090,33075.223,4854.357,Cell2
4073,0,0,Cell3
4073.1,0.02,0.11,Cell3
4073.2,0.03,0.13,Cell3
4073.3,0.05,0.17,Cell3
4073.4,0.07,0.23,Cell3
4073.5,0.09,0.29,Cell3
4073.6,0.12,0.35,Cell3
4073.7,0.16,0.41,Cell3
4073.8,0.2,0.49,Cell3
4073.9,0.26,0.58,Cell3
4074,0.32,0.69,Cell3
4074.1,0.39,0.82,Cell3
4074.2,0.48,0.99,Cell3
4074.3,0.59,1.23,Cell3
4074.4,0.72,1.54,Cell3
4074.5,0.89,1.89,Cell3
4074.6,1.09,2.24,Cell3
4074.7,1.32,2.6,Cell3
4074.8,1.59,2.96,Cell3
4074.9,1.89,3.34,Cell3
4075,2.24,3.75,Cell3
4075.1,2.62,4.18,Cell3
4075.2,3.05,4.66,Cell3
4075.3,3.53,5.16,Cell3
4075.4,4.05,5.69,Cell3
4075.5,4.63,6.23,Cell3
4075.6,5.27,6.75,Cell3
4075.7,5.95,7.28,Cell3
4075.8,6.69,7.8,Cell3
4075.9,7.48,8.31,Cell3
4076,8.32,8.83,Cell3
4076.1,9.21,9.37,Cell3
4076.2,10.15,9.94,Cell3
4076.3,11.16,10.54,Cell3
4076.4,12.23,11.16,Cell3
4076.5,13.36,11.79,Cell3
4076.6,14.56,12.42,Cell3
4076.7,15.82,13.06,Cell3
4076.8,17.14,13.67,Cell3
4076.9,18.52,14.23,Cell3
4077,19.96,14.76,Cell3
4077.1,21.45,15.28,Cell3
4077.2,22.99,15.79,Cell3
4077.3,24.59,16.32,Cell3
4077.4,26.24,16.91,Cell3
4077.5,27.96,17.72,Cell3
4077.6,29.79,19.29,Cell3
4077.7,31.83,22.45,Cell3
4077.8,34.3,28.37,Cell3
4077.9,37.58,40,Cell3
4078,42.3,56.65,Cell3
4078.1,48.82,75.73,Cell3
4078.2,57.47,99.99,Cell3
4078.3,68.82,130.31,Cell3
4078.4,83.58,167.54,Cell3
4078.5,102.16,205.59,Cell3
4078.6,124.49,239.85,Cell3
4078.7,150.23,273.39,Cell3
4078.8,179.29,309.44,Cell3
4078.9,212.16,348.04,Cell3
4079,249.07,391.9,Cell3
4079.1,290.6,441.19,Cell3
4079.2,337.37,497.9,Cell3
4079.3,390,557.69,Cell3
4079.4,448.7,617.72,Cell3
4079.5,513.35,676.16,Cell3
4079.6,583.86,735.24,Cell3
4079.7,660.34,794.99,Cell3
4079.8,742.83,856.2,Cell3
4079.9,831.53,918.47,Cell3
4080,926.45,978.64,Cell3
4080.1,1027.19,1032.51,Cell3
4080.2,1132.94,1077.26,Cell3
4080.3,1242.76,1114.67,Cell3
4080.4,1355.97,1145.12,Cell3
4080.5,1471.88,1169.66,Cell3
4080.6,1589.96,1189.39,Cell3
4080.7,1709.85,1205.75,Cell3
4080.8,1831.11,1218.67,Cell3
4080.9,1953.59,1229.51,Cell3
4081,2077.04,1240.73,Cell3
4081.1,2201.7,1253.67,Cell3
4081.2,2327.69,1267.98,Cell3
4081.3,2455.13,1282.61,Cell3
4081.4,2584.03,1296.93,Cell3
4081.5,2714.38,1311.54,Cell3
4081.6,2846.24,1327.8,Cell3
4081.7,2979.82,1346.26,Cell3
4081.8,3115.33,1367.45,Cell3
4081.9,3253.09,1391.02,Cell3
4082,3393.28,1416.66,Cell3
4082.1,3536.15,1444.6,Cell3
4082.2,3681.91,1474.26,Cell3
4082.3,3830.7,1504.37,Cell3
4082.4,3982.5,1533.66,Cell3
4082.5,4137.19,1561.29,Cell3
4082.6,4294.58,1587.09,Cell3
4082.7,4454.54,1611.01,Cell3
4082.8,4616.68,1633.29,Cell3
4082.9,4781.12,1654.35,Cell3
4083,4947.53,1674.46,Cell3
4083.1,5115.98,1693.75,Cell3
4083.2,5286.39,1712.22,Cell3
4083.3,5458.56,1729.55,Cell3
4083.4,5632.44,1745.71,Cell3
4083.5,5807.87,1760.36,Cell3
4083.6,5984.71,1773.47,Cell3
4083.7,6162.81,1784.97,Cell3
4083.8,6341.97,1794.98,Cell3
4083.9,6522.07,1803.54,Cell3
4084,6702.94,1810.79,Cell3
4084.1,6884.47,1816.97,Cell3
4084.2,7066.57,1822.16,Cell3
4084.3,7249.13,1826.46,Cell3
4084.4,7432.06,1830.07,Cell3
4084.5,7615.32,1833.15,Cell3
4084.6,7798.85,1835.78,Cell3
4084.7,7982.62,1838.01,Cell3
4084.8,8166.57,1839.97,Cell3
4084.9,8350.71,1841.71,Cell3
4085,8534.99,1843.3,Cell3
4085.1,8719.43,1844.81,Cell3
4085.2,8904.02,1846.22,Cell3
4085.3,9088.74,1847.53,Cell3
4085.4,9273.57,1848.73,Cell3
4085.5,9458.52,1849.83,Cell3
4085.6,9643.57,1850.82,Cell3
4085.7,9828.72,1851.75,Cell3
4085.8,10013.96,1852.6,Cell3
4085.9,10199.27,1853.38,Cell3
4086,10384.66,1854.07,Cell3
4086.1,10570.11,1854.71,Cell3
4086.2,10755.63,1855.29,Cell3
4086.3,10941.2,1855.83,Cell3
4086.4,11126.82,1856.33,Cell3
4086.5,11312.49,1856.8,Cell3
4086.6,11498.2,1857.23,Cell3
4086.7,11683.96,1857.62,Cell3
4086.8,11869.75,1858,Cell3
4086.9,12055.58,1858.35,Cell3
4087,12241.44,1858.66,Cell3
4087.1,12427.32,1858.93,Cell3
4087.2,12613.24,1859.17,Cell3
4087.3,12799.17,1859.41,Cell3
4087.4,12985.13,1859.63,Cell3
4087.5,13171.11,1859.82,Cell3
4087.6,13357.1,1859.98,Cell3
4087.7,13543.11,1860.14,Cell3
4087.8,13729.14,1860.3,Cell3
4087.9,13915.18,1860.44,Cell3
4088,14101.23,1860.56,Cell3
4088.1,14287.3,1860.67,Cell3
4088.2,14473.37,1860.77,Cell3
4088.3,14659.46,1860.84,Cell3
4088.4,14845.54,1860.91,Cell3
4088.5,15031.64,1860.97,Cell3
4088.6,15217.74,1861.02,Cell3
4088.7,15403.85,1861.07,Cell3
4088.8,15589.96,1861.11,Cell3
4088.9,15776.07,1861.15,Cell3
4089,15962.19,1861.18,Cell3
4089.1,16148.31,1861.22,Cell3
4089.2,16334.44,1861.25,Cell3
4089.3,16520.56,1861.28,Cell3
4089.4,16706.69,1861.31,Cell3
4089.5,16892.83,1861.34,Cell3
4089.6,17078.96,1861.35,Cell3
4089.7,17265.1,1861.37,Cell3
4089.8,17451.24,1861.38,Cell3
4089.9,17637.38,1861.39,Cell3
4090,17823.52,1861.39,Cell3
4075,0,0,Cell4A
4075.1,0.21,0.69,Cell4A
4075.2,0.28,0.83,Cell4A
4075.3,0.37,1.05,Cell4A
4075.4,0.48,1.27,Cell4A
4075.5,0.61,1.46,Cell4A
4075.6,0.76,1.65,Cell4A
4075.7,0.94,1.85,Cell4A
4075.8,1.13,2.08,Cell4A
4075.9,1.34,2.33,Cell4A
4076,1.58,2.59,Cell4A
4076.1,1.85,2.87,Cell4A
4076.2,2.14,3.19,Cell4A
4076.3,2.47,3.55,Cell4A
4076.4,2.84,3.92,Cell4A
4076.5,3.24,4.33,Cell4A
4076.6,3.69,4.79,Cell4A
4076.7,4.19,5.29,Cell4A
4076.8,4.74,5.8,Cell4A
4076.9,5.34,6.29,Cell4A
4077,5.98,6.77,Cell4A
4077.1,6.67,7.25,Cell4A
4077.2,7.41,7.71,Cell4A
4077.3,8.2,8.16,Cell4A
4077.4,9.03,8.59,Cell4A
4077.5,9.91,9.02,Cell4A
4077.6,10.82,9.43,Cell4A
4077.7,11.77,9.83,Cell4A
4077.8,12.77,10.22,Cell4A
4077.9,13.81,10.62,Cell4A
4078,14.88,11.02,Cell4A
4078.1,16,11.44,Cell4A
4078.2,17.16,11.92,Cell4A
4078.3,18.37,12.46,Cell4A
4078.4,19.63,12.98,Cell4A
4078.5,20.95,13.47,Cell4A
4078.6,22.31,13.91,Cell4A
4078.7,23.72,14.35,Cell4A
4078.8,25.17,14.82,Cell4A
4078.9,26.67,15.32,Cell4A
4079,28.22,15.85,Cell4A
4079.1,29.82,16.38,Cell4A
4079.2,31.48,16.94,Cell4A
4079.3,33.19,17.56,Cell4A
4079.4,34.97,18.22,Cell4A
4079.5,36.82,18.96,Cell4A
4079.6,38.75,20.03,Cell4A
4079.7,40.85,22.94,Cell4A
4079.8,43.41,29.8,Cell4A
4079.9,46.86,40.9,Cell4A
4080,51.63,56.5,Cell4A
4080.1,58.15,76.53,Cell4A
4080.2,67.03,104.84,Cell4A
4080.3,79.17,141.27,Cell4A
4080.4,95.24,183.24,Cell4A
4080.5,115.87,233.5,Cell4A
4080.6,141.88,290.82,Cell4A
4080.7,174,353.14,Cell4A
4080.8,212.37,417.72,Cell4A
4080.9,257.47,484.37,Cell4A
4081,309.08,551.11,Cell4A
4081.1,367.45,616.25,Cell4A
4081.2,432.32,684.35,Cell4A
4081.3,504.13,753.53,Cell4A
4081.4,582.73,817.97,Cell4A
4081.5,667.53,876.76,Cell4A
4081.6,758,930.86,Cell4A
4081.7,853.62,980.23,Cell4A
4081.8,953.91,1025.85,Cell4A
4081.9,1058.63,1068.29,Cell4A
4082,1167.41,1107.13,Cell4A
4082.1,1279.95,1144.08,Cell4A
4082.2,1396.16,1180.14,Cell4A
4082.3,1515.88,1213.88,Cell4A
4082.4,1638.86,1244.02,Cell4A
4082.5,1764.67,1270.16,Cell4A
4082.6,1892.93,1292.82,Cell4A
4082.7,2023.36,1312.12,Cell4A
4082.8,2155.46,1328.5,Cell4A
4082.9,2289.18,1342.77,Cell4A
4083,2424.13,1355.02,Cell4A
4083.1,2560.27,1365.49,Cell4A
4083.2,2697.4,1374.46,Cell4A
4083.3,2835.32,1382.18,Cell4A
4083.4,2973.95,1388.89,Cell4A
4083.5,3113.21,1394.68,Cell4A
4083.6,3253,1399.67,Cell4A
4083.7,3393.24,1403.97,Cell4A
4083.8,3533.89,1407.75,Cell4A
4083.9,3674.89,1411.01,Cell4A
4084,3816.18,1413.87,Cell4A
4084.1,3957.74,1416.25,Cell4A
4084.2,4099.5,1418.27,Cell4A
4084.3,4241.45,1419.99,Cell4A
4084.4,4383.56,1421.49,Cell4A
4084.5,4525.8,1422.82,Cell4A
4084.6,4668.16,1424.05,Cell4A
4084.7,4810.65,1425.18,Cell4A
4084.8,4953.24,1426.23,Cell4A
4084.9,5095.93,1427.19,Cell4A
4085,5238.71,1428.09,Cell4A
4085.1,5381.58,1428.97,Cell4A
4085.2,5524.54,1429.88,Cell4A
4085.3,5667.58,1430.78,Cell4A
4085.4,5810.71,1431.64,Cell4A
4085.5,5953.92,1432.45,Cell4A
4085.6,6097.21,1433.23,Cell4A
4085.7,6240.58,1434,Cell4A
4085.8,6384.03,1434.73,Cell4A
4085.9,6527.55,1435.43,Cell4A
4086,6671.13,1436.08,Cell4A
4086.1,6814.78,1436.66,Cell4A
4086.2,6958.48,1437.22,Cell4A
4086.3,7102.24,1437.76,Cell4A
4086.4,7246.05,1438.28,Cell4A
4086.5,7389.91,1438.8,Cell4A
4086.6,7533.83,1439.35,Cell4A
4086.7,7677.81,1439.89,Cell4A
4086.8,7821.83,1440.38,Cell4A
4086.9,7965.9,1440.84,Cell4A
4087,8110.02,1441.28,Cell4A
4087.1,8254.18,1441.72,Cell4A
4087.2,8398.38,1442.12,Cell4A
4087.3,8542.62,1442.44,Cell4A
4087.4,8686.88,1442.7,Cell4A
4087.5,8831.17,1442.95,Cell4A
4087.6,8975.48,1443.15,Cell4A
4087.7,9119.81,1443.34,Cell4A
4087.8,9264.15,1443.49,Cell4A
4087.9,9408.51,1443.63,Cell4A
4088,9552.88,1443.73,Cell4A
4088.1,9697.26,1443.82,Cell4A
4088.2,9841.65,1443.89,Cell4A
4088.3,9986.04,1443.96,Cell4A
4088.4,10130.44,1444.01,Cell4A
4088.5,10274.85,1444.06,Cell4A
4088.6,10419.26,1444.1,Cell4A
4088.7,10563.67,1444.14,Cell4A
4088.8,10708.09,1444.16,Cell4A
4088.9,10852.5,1444.18,Cell4A
4089,10996.92,1444.2,Cell4A
4089.1,11141.35,1444.21,Cell4A
4089.2,11285.77,1444.22,Cell4A
4089.3,11430.19,1444.22,Cell4A
4089.4,11574.61,1444.23,Cell4A
4089.5,11719.04,1444.23,Cell4A
4089.6,11863.46,1444.23,Cell4A
4089.7,12007.88,1444.23,Cell4A
4089.8,12152.3,1444.23,Cell4A
4089.9,12296.73,1444.23,Cell4A
4090,12441.15,1444.23,Cell4A
Cell4B,,,
Elev,Cap,Area,
4075,0,0,Cell4B
4075.1,0.051,0.237,Cell4B
4075.2,0.077,0.312,Cell4B
4075.3,0.109,0.383,Cell4B
4075.4,0.15,0.456,Cell4B
4075.5,0.196,0.533,Cell4B
4075.6,0.251,0.616,Cell4B
4075.7,0.314,0.703,Cell4B
4075.8,0.387,0.798,Cell4B
4075.9,0.468,0.903,Cell4B
4076,0.56,1.011,Cell4B
4076.1,0.664,1.138,Cell4B
4076.2,0.78,1.274,Cell4B
4076.3,0.911,1.419,Cell4B
4076.4,1.057,1.576,Cell4B
4076.5,1.217,1.736,Cell4B
4076.6,1.394,1.9,Cell4B
4076.7,1.589,2.066,Cell4B
4076.8,1.8,2.238,Cell4B
4076.9,2.029,2.412,Cell4B
4077,2.273,2.581,Cell4B
4077.1,2.535,2.747,Cell4B
4077.2,2.811,2.914,Cell4B
4077.3,3.104,3.081,Cell4B
4077.4,3.415,3.252,Cell4B
4077.5,3.742,3.424,Cell4B
4077.6,4.086,3.6,Cell4B
4077.7,4.448,3.78,Cell4B
4077.8,4.827,3.965,Cell4B
4077.9,5.225,4.157,Cell4B
4078,5.641,4.359,Cell4B
4078.1,6.075,4.572,Cell4B
4078.2,6.534,4.788,Cell4B
4078.3,7.014,5.01,Cell4B
4078.4,7.519,5.249,Cell4B
4078.5,8.05,5.556,Cell4B
4078.6,8.62,6.125,Cell4B
4078.7,9.279,7.455,Cell4B
4078.8,10.13,10.322,Cell4B
4078.9,11.349,14.996,Cell4B
4079,13.133,21.791,Cell4B
4079.1,15.707,31.241,Cell4B
4079.2,19.387,44.04,Cell4B
4079.3,24.525,60.545,Cell4B
4079.4,31.522,81.433,Cell4B
4079.5,40.833,106.647,Cell4B
4079.6,52.849,135.339,Cell4B
4079.7,67.911,167.174,Cell4B
4079.8,86.283,201.661,Cell4B
4079.9,108.172,236.85,Cell4B
4080,133.551,270.386,Cell4B
4080.1,162.122,299.325,Cell4B
4080.2,193.307,321.713,Cell4B
4080.3,226.419,337.647,Cell4B
4080.4,260.849,348.553,Cell4B
4080.5,296.18,356.247,Cell4B
4080.6,332.162,362.278,Cell4B
4080.7,368.704,367.545,Cell4B
4080.8,405.716,372.687,Cell4B
4080.9,443.265,377.822,Cell4B
4081,481.298,382.78,Cell4B
4081.1,519.822,387.335,Cell4B
4081.2,558.773,391.488,Cell4B
4081.3,598.118,395.062,Cell4B
4081.4,637.785,397.846,Cell4B
4081.5,677.697,399.913,Cell4B
4081.6,717.789,401.401,Cell4B
4081.7,758.004,402.412,Cell4B
4081.8,798.302,403.068,Cell4B
4081.9,838.647,403.49,Cell4B
4082,879.022,403.777,Cell4B
4082.1,919.419,403.994,Cell4B
4082.2,959.835,404.18,Cell4B
4082.3,1000.264,404.35,Cell4B
4082.4,1040.709,404.516,Cell4B
4082.5,1081.171,404.674,Cell4B
4082.6,1121.649,404.827,Cell4B
4082.7,1162.142,404.975,Cell4B
4082.8,1202.646,405.117,Cell4B
4082.9,1243.165,405.254,Cell4B
4083,1283.697,405.388,Cell4B
4083.1,1324.245,405.524,Cell4B
4083.2,1364.805,405.662,Cell4B
4083.3,1405.379,405.798,Cell4B
4083.4,1445.967,405.932,Cell4B
4083.5,1486.566,406.068,Cell4B
4083.6,1527.182,406.206,Cell4B
4083.7,1567.811,406.349,Cell4B
4083.8,1608.455,406.509,Cell4B
4083.9,1649.114,406.697,Cell4B
4084,1689.795,406.897,Cell4B
4084.1,1730.495,407.105,Cell4B
4084.2,1771.217,407.289,Cell4B
4084.3,1811.956,407.459,Cell4B
4084.4,1852.71,407.615,Cell4B
4084.5,1893.482,407.781,Cell4B
4084.6,1934.272,407.98,Cell4B
4084.7,1975.084,408.201,Cell4B
4084.8,2015.918,408.441,Cell4B
4084.9,2056.777,408.691,Cell4B
4085,2097.66,408.944,Cell4B
4085.1,2138.569,409.179,Cell4B
4085.2,2179.501,409.387,Cell4B
4085.3,2220.451,409.584,Cell4B
4085.4,2261.421,409.762,Cell4B
4085.5,2302.405,409.925,Cell4B
4085.6,2343.407,410.086,Cell4B
4085.7,2384.424,410.242,Cell4B
4085.8,2425.457,410.409,Cell4B
4085.9,2466.51,410.599,Cell4B
4086,2507.582,410.784,Cell4B
4086.1,2548.672,410.977,Cell4B
4086.2,2589.783,411.191,Cell4B
4086.3,2630.916,411.414,Cell4B
4086.4,2672.074,411.649,Cell4B
4086.5,2713.255,411.876,Cell4B
4086.6,2754.458,412.111,Cell4B
4086.7,2795.683,412.292,Cell4B
4086.8,2836.923,412.451,Cell4B
4086.9,2878.179,412.57,Cell4B
4087,2919.444,412.688,Cell4B
4087.1,2960.721,412.815,Cell4B
4087.2,3002.013,412.95,Cell4B
4087.3,3043.319,413.109,Cell4B
4087.4,3084.642,413.259,Cell4B
4087.5,3125.979,413.407,Cell4B
4087.6,3167.33,413.553,Cell4B
4087.7,3208.695,413.668,Cell4B
4087.8,3250.069,413.766,Cell4B
4087.9,3291.452,413.855,Cell4B
4088,3332.844,413.94,Cell4B
4088.1,3374.244,414.017,Cell4B
4088.2,3415.65,414.091,Cell4B
4088.3,3457.064,414.164,Cell4B
4088.4,3498.485,414.235,Cell4B
4088.5,3539.913,414.315,Cell4B
4088.6,3581.349,414.371,Cell4B
4088.7,3622.788,414.408,Cell4B
4088.8,3664.23,414.432,Cell4B
4088.9,3705.675,414.455,Cell4B
4089,3747.122,414.473,Cell4B
4089.1,3788.57,414.487,Cell4B
4089.2,3830.02,414.502,Cell4B
4089.3,3871.47,414.511,Cell4B
4089.4,3912.922,414.516,Cell4B
4089.5,3954.374,414.52,Cell4B
4089.6,3995.826,414.524,Cell4B
4089.7,4037.279,414.529,Cell4B
4089.8,4078.732,414.533,Cell4B
4089.9,4120.185,414.534,Cell4B
4090,4161.639,414.535,Cell4B
4074.2,0,0,Cell4C
4074.3,0.051,0.119,Cell4C
4074.4,0.063,0.138,Cell4C
4074.5,0.077,0.16,Cell4C
4074.6,0.093,0.186,Cell4C
4074.7,0.112,0.214,Cell4C
4074.8,0.134,0.247,Cell4C
4074.9,0.158,0.285,Cell4C
4075,0.186,0.33,Cell4C
4075.1,0.22,0.382,Cell4C
4075.2,0.259,0.447,Cell4C
4075.3,0.304,0.522,Cell4C
4075.4,0.357,0.61,Cell4C
4075.5,0.419,0.712,Cell4C
4075.6,0.492,0.837,Cell4C
4075.7,0.577,0.984,Cell4C
4075.8,0.676,1.152,Cell4C
4075.9,0.793,1.341,Cell4C
4076,0.93,1.543,Cell4C
4076.1,1.087,1.758,Cell4C
4076.2,1.266,1.984,Cell4C
4076.3,1.465,2.214,Cell4C
4076.4,1.688,2.447,Cell4C
4076.5,1.935,2.686,Cell4C
4076.6,2.205,2.934,Cell4C
4076.7,2.501,3.186,Cell4C
4076.8,2.822,3.446,Cell4C
4076.9,3.171,3.712,Cell4C
4077,3.544,3.99,Cell4C
4077.1,3.948,4.281,Cell4C
4077.2,4.38,4.592,Cell4C
4077.3,4.843,4.916,Cell4C
4077.4,5.338,5.246,Cell4C
4077.5,5.868,5.575,Cell4C
4077.6,6.43,5.905,Cell4C
4077.7,7.025,6.231,Cell4C
4077.8,7.654,6.558,Cell4C
4077.9,8.313,6.881,Cell4C
4078,9.006,7.212,Cell4C
4078.1,9.733,7.562,Cell4C
4078.2,10.498,7.965,Cell4C
4078.3,11.31,8.491,Cell4C
4078.4,12.188,9.311,Cell4C
4078.5,13.161,10.606,Cell4C
4078.6,14.292,12.475,Cell4C
4078.7,15.657,15.486,Cell4C
4078.8,17.393,20.335,Cell4C
4078.9,19.72,27.514,Cell4C
4079,22.883,37.699,Cell4C
4079.1,27.224,51.645,Cell4C
4079.2,33.165,70.111,Cell4C
4079.3,41.164,93.245,Cell4C
4079.4,51.685,120.443,Cell4C
4079.5,65.095,150.418,Cell4C
4079.6,81.613,182.286,Cell4C
4079.7,101.452,216.448,Cell4C
4079.8,124.835,252.797,Cell4C
4079.9,151.943,289.544,Cell4C
4080,182.698,324.12,Cell4C
4080.1,216.789,355.042,Cell4C
4080.2,253.768,381.315,Cell4C
4080.3,293.172,403.787,Cell4C
4080.4,334.64,422.875,Cell4C
4080.5,377.86,439.96,Cell4C
4080.6,422.683,455.79,Cell4C
4080.7,469.031,469.798,Cell4C
4080.8,516.622,481.874,Cell4C
4080.9,565.385,492.382,Cell4C
4081,615.102,501.542,Cell4C
4081.1,665.714,509.27,Cell4C
4081.2,717.021,515.727,Cell4C
4081.3,768.917,521.026,Cell4C
4081.4,821.293,525.281,Cell4C
4081.5,874.05,528.526,Cell4C
4081.6,927.085,530.915,Cell4C
4081.7,980.32,532.578,Cell4C
4081.8,1033.683,533.735,Cell4C
4081.9,1087.135,534.581,Cell4C
4082,1140.651,535.225,Cell4C
4082.1,1194.218,535.76,Cell4C
4082.2,1247.831,536.245,Cell4C
4082.3,1301.486,536.695,Cell4C
4082.4,1355.181,537.121,Cell4C
4082.5,1408.915,537.524,Cell4C
4082.6,1462.688,537.898,Cell4C
4082.7,1516.499,538.251,Cell4C
4082.8,1570.343,538.591,Cell4C
4082.9,1624.223,538.928,Cell4C
4083,1678.133,539.274,Cell4C
4083.1,1732.08,539.627,Cell4C
4083.2,1786.062,539.998,Cell4C
4083.3,1840.082,540.381,Cell4C
4083.4,1894.141,540.768,Cell4C
4083.5,1948.24,541.164,Cell4C
4083.6,2002.38,541.578,Cell4C
4083.7,2056.56,542.002,Cell4C
4083.8,2110.785,542.435,Cell4C
4083.9,2165.052,542.879,Cell4C
4084,2219.365,543.336,Cell4C
4084.1,2273.724,543.847,Cell4C
4084.2,2328.137,544.397,Cell4C
4084.3,2382.612,545.044,Cell4C
4084.4,2437.156,545.777,Cell4C
4084.5,2491.777,546.595,Cell4C
4084.6,2546.482,547.454,Cell4C
4084.7,2601.269,548.135,Cell4C
4084.8,2656.115,548.742,Cell4C
4084.9,2711.023,549.302,Cell4C
4085,2765.984,549.801,Cell4C
4085.1,2820.987,550.192,Cell4C
4085.2,2876.029,550.538,Cell4C
4085.3,2931.1,550.848,Cell4C
4085.4,2986.205,551.157,Cell4C
4085.5,3041.34,551.486,Cell4C
4085.6,3096.509,551.794,Cell4C
4085.7,3151.708,552.076,Cell4C
4085.8,3206.932,552.329,Cell4C
4085.9,3262.181,552.586,Cell4C
4086,3317.457,552.864,Cell4C
4086.1,3372.76,553.121,Cell4C
4086.2,3428.089,553.362,Cell4C
4086.3,3483.439,553.606,Cell4C
4086.4,3538.815,553.849,Cell4C
4086.5,3594.215,554.096,Cell4C
4086.6,3649.641,554.331,Cell4C
4086.7,3705.09,554.571,Cell4C
4086.8,3760.561,554.808,Cell4C
4086.9,3816.058,555.024,Cell4C
4087,3871.573,555.192,Cell4C
4087.1,3927.104,555.337,Cell4C
4087.2,3982.648,555.458,Cell4C
4087.3,4038.202,555.563,Cell4C
4087.4,4093.767,555.639,Cell4C
4087.5,4149.337,555.694,Cell4C
4087.6,4204.91,555.722,Cell4C
4087.7,4260.485,555.741,Cell4C
4087.8,4316.061,555.755,Cell4C
4087.9,4371.638,555.764,Cell4C
4088,4427.216,555.774,Cell4C
4088.1,4482.793,555.781,Cell4C
4088.2,4538.372,555.786,Cell4C
4088.3,4593.951,555.791,Cell4C
4088.4,4649.53,555.795,Cell4C
4088.5,4705.11,555.801,Cell4C
4088.6,4760.69,555.802,Cell4C
4088.7,4816.271,555.802,Cell4C
4088.8,4871.851,555.802,Cell4C
4088.9,4927.431,555.802,Cell4C
4089,4983.011,555.802,Cell4C
4089.1,5038.592,555.802,Cell4C
4089.2,5094.172,555.802,Cell4C
4089.3,5149.752,555.802,Cell4C
4089.4,5205.332,555.802,Cell4C
4089.5,5260.912,555.802,Cell4C
4089.6,5316.493,555.802,Cell4C
4089.7,5372.073,555.802,Cell4C
4089.8,5427.653,555.802,Cell4C
4089.9,5483.233,555.802,Cell4C
4090,5538.813,555.802,Cell4C
4073.7,0,0,Cell5B
4073.8,0.054,0.259,Cell5B
4073.9,0.082,0.362,Cell5B
4074,0.121,0.497,Cell5B
4074.1,0.174,0.652,Cell5B
4074.2,0.243,0.845,Cell5B
4074.3,0.331,1.066,Cell5B
4074.4,0.441,1.29,Cell5B
4074.5,0.573,1.529,Cell5B
4074.6,0.727,1.758,Cell5B
4074.7,0.905,1.981,Cell5B
4074.8,1.102,2.198,Cell5B
4074.9,1.319,2.405,Cell5B
4075,1.557,2.596,Cell5B
4075.1,1.813,2.783,Cell5B
4075.2,2.087,2.971,Cell5B
4075.3,2.378,3.16,Cell5B
4075.4,2.689,3.345,Cell5B
4075.5,3.018,3.529,Cell5B
4075.6,3.362,3.688,Cell5B
4075.7,3.724,3.831,Cell5B
4075.8,4.099,3.964,Cell5B
4075.9,4.486,4.093,Cell5B
4076,4.887,4.221,Cell5B
4076.1,5.3,4.345,Cell5B
4076.2,5.726,4.468,Cell5B
4076.3,6.165,4.593,Cell5B
4076.4,6.619,4.718,Cell5B
4076.5,7.082,4.839,Cell5B
4076.6,7.561,4.962,Cell5B
4076.7,8.053,5.084,Cell5B
4076.8,8.555,5.205,Cell5B
4076.9,9.072,5.328,Cell5B
4077,9.6,5.449,Cell5B
4077.1,10.142,5.574,Cell5B
4077.2,10.696,5.706,Cell5B
4077.3,11.267,5.844,Cell5B
4077.4,11.854,5.985,Cell5B
4077.5,12.458,6.141,Cell5B
4077.6,13.076,6.304,Cell5B
4077.7,13.713,6.479,Cell5B
4077.8,14.367,6.669,Cell5B
4077.9,15.045,6.869,Cell5B
4078,15.744,7.087,Cell5B
4078.1,16.468,7.298,Cell5B
4078.2,17.214,7.505,Cell5B
4078.3,17.98,7.716,Cell5B
4078.4,18.774,7.936,Cell5B
4078.5,19.581,8.166,Cell5B
4078.6,20.421,8.414,Cell5B
4078.7,21.29,8.679,Cell5B
4078.8,22.182,8.971,Cell5B
4078.9,23.117,9.316,Cell5B
4079,24.093,9.813,Cell5B
4079.1,25.142,11.032,Cell5B
4079.2,26.413,15.062,Cell5B
4079.3,28.247,21.96,Cell5B
4079.4,30.89,31.705,Cell5B
4079.5,34.669,44.028,Cell5B
4079.6,39.674,56.341,Cell5B
4079.7,45.928,68.545,Cell5B
4079.8,53.32,78.677,Cell5B
4079.9,61.606,86.511,Cell5B
4080,70.61,93.416,Cell5B
4080.1,80.268,99.404,Cell5B
4080.2,90.458,104.293,Cell5B
4080.3,101.119,109.131,Cell5B
4080.4,112.248,113.586,Cell5B
4080.5,123.781,117.172,Cell5B
4080.6,135.633,119.996,Cell5B
4080.7,147.735,122.222,Cell5B
4080.8,160.028,124.074,Cell5B
4080.9,172.5,125.727,Cell5B
4081,185.121,127.391,Cell5B
4081.1,197.925,129.241,Cell5B
4081.2,210.932,131.671,Cell5B
4081.3,224.229,135.41,Cell5B
4081.4,237.991,141.709,Cell5B
4081.5,252.535,151.934,Cell5B
4081.6,268.323,167.424,Cell5B
4081.7,285.902,187.888,Cell5B
4081.8,305.725,212.325,Cell5B
4081.9,328.183,240.264,Cell5B
4082,353.586,271.018,Cell5B
4082.1,382.219,304.281,Cell5B
4082.2,414.31,340.08,Cell5B
4082.3,450.138,378.207,Cell5B
4082.4,489.876,416.585,Cell5B
4082.5,533.359,451.482,Cell5B
4082.6,580.233,484.087,Cell5B
4082.7,630.329,514.39,Cell5B
4082.8,683.241,543.217,Cell5B
4082.9,739.126,570.946,Cell5B
4083,797.569,596.706,Cell5B
4083.1,858.536,620.324,Cell5B
4083.2,921.832,642.165,Cell5B
4083.3,987.118,661.519,Cell5B
4083.4,1054.197,678.223,Cell5B
4083.5,1122.812,692.528,Cell5B
4083.6,1192.744,704.709,Cell5B
4083.7,1263.803,715.445,Cell5B
4083.8,1335.852,724.587,Cell5B
4083.9,1408.74,732.147,Cell5B
4084,1482.303,738.219,Cell5B
4084.1,1556.401,743.03,Cell5B
4084.2,1630.929,747.048,Cell5B
4084.3,1705.826,750.581,Cell5B
4084.4,1781.064,754.029,Cell5B
4084.5,1856.635,757.193,Cell5B
4084.6,1932.512,760.015,Cell5B
4084.7,2008.668,762.772,Cell5B
4084.8,2085.084,765.547,Cell5B
4084.9,2161.793,768.283,Cell5B
4085,2238.751,770.716,Cell5B
4085.1,2315.946,772.855,Cell5B
4085.2,2393.355,774.795,Cell5B
4085.3,2470.941,776.63,Cell5B
4085.4,2548.711,778.452,Cell5B
4085.5,2626.655,780.225,Cell5B
4085.6,2704.771,781.861,Cell5B
4085.7,2783.053,783.547,Cell5B
4085.8,2861.501,785.148,Cell5B
4085.9,2940.096,786.425,Cell5B
4086,3018.803,787.457,Cell5B
4086.1,3097.611,788.344,Cell5B
4086.2,3176.495,789.088,Cell5B
4086.3,3255.448,789.729,Cell5B
4086.4,3334.458,790.315,Cell5B
4086.5,3413.525,790.848,Cell5B
4086.6,3492.645,791.34,Cell5B
4086.7,3571.815,791.818,Cell5B
4086.8,3651.028,792.332,Cell5B
4086.9,3730.302,792.839,Cell5B
4087,3809.618,793.34,Cell5B
4087.1,3888.99,793.854,Cell5B
4087.2,3968.422,794.407,Cell5B
4087.3,4047.9,794.976,Cell5B
4087.4,4127.445,795.509,Cell5B
4087.5,4207.036,796.026,Cell5B
4087.6,4286.677,796.515,Cell5B
4087.7,4366.365,796.96,Cell5B
4087.8,4446.095,797.393,Cell5B
4087.9,4525.866,797.784,Cell5B
4088,4605.671,798.123,Cell5B
4088.1,4685.506,798.404,Cell5B
4088.2,4765.365,798.655,Cell5B
4088.3,4845.247,798.871,Cell5B
4088.4,4925.149,799.077,Cell5B
4088.5,5005.07,799.274,Cell5B
4088.6,5085.007,799.442,Cell5B
4088.7,5164.961,799.588,Cell5B
4088.8,5244.928,799.73,Cell5B
4088.9,5324.908,799.868,Cell5B
4089,5404.902,799.998,Cell5B
4089.1,5484.909,800.127,Cell5B
4089.2,5564.928,800.237,Cell5B
4089.3,5644.957,800.338,Cell5B
4089.4,5724.997,800.428,Cell5B
4089.5,5805.044,800.511,Cell5B
4089.6,5885.099,800.584,Cell5B
4089.7,5965.162,800.649,Cell5B
4089.8,6045.23,800.707,Cell5B
4089.9,6125.304,800.762,Cell5B
4090,6205.383,800.808,Cell5B
4073.1,0,0,Cell6B1
4073.2,0.028,0.255,Cell6B1
4073.3,0.061,0.414,Cell6B1
4073.4,0.109,0.58,Cell6B1
4073.5,0.177,0.845,Cell6B1
4073.6,0.272,1.113,Cell6B1
4073.7,0.392,1.368,Cell6B1
4073.8,0.536,1.598,Cell6B1
4073.9,0.701,1.797,Cell6B1
4074,0.884,1.971,Cell6B1
4074.1,1.084,2.136,Cell6B1
4074.2,1.3,2.292,Cell6B1
4074.3,1.53,2.445,Cell6B1
4074.4,1.775,2.585,Cell6B1
4074.5,2.034,2.715,Cell6B1
4074.6,2.305,2.847,Cell6B1
4074.7,2.592,3.002,Cell6B1
4074.8,2.895,3.191,Cell6B1
4074.9,3.217,3.425,Cell6B1
4075,3.564,3.689,Cell6B1
4075.1,3.937,3.924,Cell6B1
4075.2,4.33,4.13,Cell6B1
4075.3,4.744,4.309,Cell6B1
4075.4,5.174,4.469,Cell6B1
4075.5,5.62,4.617,Cell6B1
4075.6,6.081,4.757,Cell6B1
4075.7,6.556,4.89,Cell6B1
4075.8,7.044,5.018,Cell6B1
4075.9,7.544,5.142,Cell6B1
4076,8.059,5.265,Cell6B1
4076.1,8.587,5.389,Cell6B1
4076.2,9.126,5.513,Cell6B1
4076.3,9.682,5.641,Cell6B1
4076.4,10.252,5.774,Cell6B1
4076.5,10.834,5.915,Cell6B1
4076.6,11.435,6.073,Cell6B1
4076.7,12.055,6.255,Cell6B1
4076.8,12.691,6.469,Cell6B1
4076.9,13.351,6.717,Cell6B1
4077,14.036,7.11,Cell6B1
4077.1,14.782,7.982,Cell6B1
4077.2,15.64,9.322,Cell6B1
4077.3,16.639,10.8,Cell6B1
4077.4,17.79,12.42,Cell6B1
4077.5,19.12,14.548,Cell6B1
4077.6,20.701,17.746,Cell6B1
4077.7,22.678,22.712,Cell6B1
4077.8,25.276,30.936,Cell6B1
4077.9,28.932,45.156,Cell6B1
4078,34.348,67.192,Cell6B1
4078.1,42.306,95.373,Cell6B1
4078.2,53.281,125.43,Cell6B1
4078.3,67.248,152.828,Cell6B1
4078.4,83.837,175.259,Cell6B1
4078.5,102.309,192.417,Cell6B1
4078.6,122.319,205.576,Cell6B1
4078.7,143.501,215.58,Cell6B1
4078.8,165.472,222.748,Cell6B1
4078.9,188.094,228.139,Cell6B1
4079,211.149,232.028,Cell6B1
4079.1,234.528,234.854,Cell6B1
4079.2,258.146,236.898,Cell6B1
4079.3,281.933,238.331,Cell6B1
4079.4,305.841,239.322,Cell6B1
4079.5,329.822,239.978,Cell6B1
4079.6,353.86,240.514,Cell6B1
4079.7,377.945,241.004,Cell6B1
4079.8,402.076,241.457,Cell6B1
4079.9,426.25,241.89,Cell6B1
4080,450.466,242.316,Cell6B1
4080.1,474.724,242.746,Cell6B1
4080.2,499.022,243.172,Cell6B1
4080.3,523.362,243.573,Cell6B1
4080.4,547.741,243.933,Cell6B1
4080.5,572.154,244.248,Cell6B1
4080.6,596.594,244.523,Cell6B1
4080.7,621.059,244.763,Cell6B1
4080.8,645.546,244.988,Cell6B1
4080.9,670.055,245.193,Cell6B1
4081,694.582,245.378,Cell6B1
4081.1,719.126,245.551,Cell6B1
4081.2,743.688,245.721,Cell6B1
4081.3,768.269,245.881,Cell6B1
4081.4,792.861,246.028,Cell6B1
4081.5,817.47,246.173,Cell6B1
4081.6,842.094,246.32,Cell6B1
4081.7,866.733,246.476,Cell6B1
4081.8,891.389,246.642,Cell6B1
4081.9,916.06,246.8,Cell6B1
4082,940.747,246.959,Cell6B1
4082.1,965.449,247.117,Cell6B1
4082.2,990.168,247.279,Cell6B1
4082.3,1014.903,247.448,Cell6B1
4082.4,1039.658,247.625,Cell6B1
4082.5,1064.431,247.801,Cell6B1
4082.6,1089.221,247.983,Cell6B1
4082.7,1114.03,248.172,Cell6B1
4082.8,1138.856,248.356,Cell6B1
4082.9,1163.701,248.544,Cell6B1
4083,1188.564,248.738,Cell6B1
4083.1,1213.447,248.933,Cell6B1
4083.2,1238.352,249.125,Cell6B1
4083.3,1263.276,249.322,Cell6B1
4083.4,1288.218,249.519,Cell6B1
4083.5,1313.18,249.719,Cell6B1
4083.6,1338.165,249.93,Cell6B1
4083.7,1363.171,250.142,Cell6B1
4083.8,1388.198,250.35,Cell6B1
4083.9,1413.244,250.557,Cell6B1
4084,1438.311,250.758,Cell6B1
4084.1,1463.398,250.957,Cell6B1
4084.2,1488.505,251.149,Cell6B1
4084.3,1513.631,251.337,Cell6B1
4084.4,1538.777,251.525,Cell6B1
4084.5,1563.94,251.712,Cell6B1
4084.6,1589.124,251.895,Cell6B1
4084.7,1614.326,252.07,Cell6B1
4084.8,1639.544,252.239,Cell6B1
4084.9,1664.779,252.403,Cell6B1
4085,1690.027,252.568,Cell6B1
4085.1,1715.291,252.722,Cell6B1
4085.2,1740.571,252.868,Cell6B1
4085.3,1765.865,253.012,Cell6B1
4085.4,1791.174,253.149,Cell6B1
4085.5,1816.498,253.279,Cell6B1
4085.6,1841.835,253.401,Cell6B1
4085.7,1867.183,253.508,Cell6B1
4085.8,1892.542,253.599,Cell6B1
4085.9,1917.909,253.677,Cell6B1
4086,1943.284,253.743,Cell6B1
4086.1,1968.664,253.79,Cell6B1
4086.2,1994.048,253.823,Cell6B1
4086.3,2019.434,253.849,Cell6B1
4086.4,2044.821,253.868,Cell6B1
4086.5,2070.21,253.886,Cell6B1
4086.6,2095.6,253.903,Cell6B1
4086.7,2120.993,253.917,Cell6B1
4086.8,2146.387,253.931,Cell6B1
4086.9,2171.781,253.943,Cell6B1
4087,2197.177,253.953,Cell6B1
4087.1,2222.573,253.963,Cell6B1
4087.2,2247.97,253.969,Cell6B1
4087.3,2273.368,253.974,Cell6B1
4087.4,2298.766,253.978,Cell6B1
4087.5,2324.164,253.981,Cell6B1
4087.6,2349.563,253.984,Cell6B1
4087.7,2374.961,253.986,Cell6B1
4087.8,2400.36,253.987,Cell6B1
4087.9,2425.758,253.989,Cell6B1
4088,2451.158,253.992,Cell6B1
4088.1,2476.558,253.995,Cell6B1
4088.2,2501.958,253.998,Cell6B1
4088.3,2527.358,254,Cell6B1
4088.4,2552.759,254.002,Cell6B1
4088.5,2578.159,254.003,Cell6B1
4088.6,2603.56,254.005,Cell6B1
4088.7,2628.96,254.006,Cell6B1
4088.8,2654.361,254.006,Cell6B1
4088.9,2679.762,254.006,Cell6B1
4089,2705.163,254.006,Cell6B1
4089.1,2730.563,254.006,Cell6B1
4089.2,2755.964,254.006,Cell6B1
4089.3,2781.364,254.006,Cell6B1
4089.4,2806.765,254.006,Cell6B1
4089.5,2832.165,254.006,Cell6B1
4089.6,2857.566,254.006,Cell6B1
4089.7,2882.966,254.006,Cell6B1
4089.8,2908.367,254.006,Cell6B1
4089.9,2933.768,254.006,Cell6B1
4090,2959.168,254.006,Cell6B1
4072.8,0,0,Cell8A
4072.9,0.071,0.29,Cell8A
4073,0.101,0.354,Cell8A
4073.1,0.137,0.414,Cell8A
4073.2,0.179,0.471,Cell8A
4073.3,0.227,0.52,Cell8A
4073.4,0.279,0.562,Cell8A
4073.5,0.335,0.6,Cell8A
4073.6,0.394,0.634,Cell8A
4073.7,0.457,0.665,Cell8A
4073.8,0.522,0.694,Cell8A
4073.9,0.591,0.722,Cell8A
4074,0.661,0.748,Cell8A
4074.1,0.736,0.773,Cell8A
4074.2,0.811,0.797,Cell8A
4074.3,0.89,0.821,Cell8A
4074.4,0.972,0.845,Cell8A
4074.5,1.055,0.867,Cell8A
4074.6,1.141,0.89,Cell8A
4074.7,1.229,0.912,Cell8A
4074.8,1.319,0.933,Cell8A
4074.9,1.411,0.955,Cell8A
4075,1.506,0.976,Cell8A
4075.1,1.603,0.998,Cell8A
4075.2,1.703,1.02,Cell8A
4075.3,1.805,1.042,Cell8A
4075.4,1.91,1.064,Cell8A
4075.5,2.017,1.086,Cell8A
4075.6,2.124,1.108,Cell8A
4075.7,2.235,1.131,Cell8A
4075.8,2.349,1.154,Cell8A
4075.9,2.466,1.177,Cell8A
4076,2.583,1.204,Cell8A
4076.1,2.704,1.236,Cell8A
4076.2,2.829,1.273,Cell8A
4076.3,2.959,1.313,Cell8A
4076.4,3.091,1.358,Cell8A
4076.5,3.228,1.413,Cell8A
4076.6,3.371,1.48,Cell8A
4076.7,3.524,1.568,Cell8A
4076.8,3.686,1.692,Cell8A
4076.9,3.863,1.865,Cell8A
4077,4.059,2.108,Cell8A
4077.1,4.282,2.4,Cell8A
4077.2,4.534,2.73,Cell8A
4077.3,4.822,3.081,Cell8A
4077.4,5.145,3.441,Cell8A
4077.5,5.506,3.818,Cell8A
4077.6,5.907,4.211,Cell8A
4077.7,6.349,4.609,Cell8A
4077.8,6.829,5.01,Cell8A
4077.9,7.353,5.468,Cell8A
4078,7.927,6.073,Cell8A
4078.1,8.573,6.939,Cell8A
4078.2,9.322,8.228,Cell8A
4078.3,10.226,10.024,Cell8A
4078.4,11.334,12.243,Cell8A
4078.5,12.669,14.65,Cell8A
4078.6,14.25,16.962,Cell8A
4078.7,16.06,19.159,Cell8A
4078.8,18.083,21.603,Cell8A
4078.9,20.393,25.003,Cell8A
4079,23.115,29.871,Cell8A
4079.1,26.314,34.149,Cell8A
4079.2,29.899,37.594,Cell8A
4079.3,33.801,40.466,Cell8A
4079.4,37.97,42.844,Cell8A
4079.5,42.359,44.823,Cell8A
4079.6,46.929,46.491,Cell8A
4079.7,51.66,47.949,Cell8A
4079.8,56.523,49.213,Cell8A
4079.9,61.506,50.337,Cell8A
4080,66.592,51.369,Cell8A
4080.1,71.779,52.331,Cell8A
4080.2,77.06,53.25,Cell8A
4080.3,82.43,54.129,Cell8A
4080.4,87.887,54.953,Cell8A
4080.5,93.422,55.717,Cell8A
4080.6,99.034,56.419,Cell8A
4080.7,104.718,57.06,Cell8A
4080.8,110.457,57.647,Cell8A
4080.9,116.257,58.184,Cell8A
4081,122.105,58.685,Cell8A
4081.1,128.005,59.149,Cell8A
4081.2,133.945,59.572,Cell8A
4081.3,139.926,59.96,Cell8A
4081.4,145.942,60.315,Cell8A
4081.5,151.995,60.636,Cell8A
4081.6,158.079,60.926,Cell8A
4081.7,164.19,61.186,Cell8A
4081.8,170.325,61.427,Cell8A
4081.9,176.484,61.648,Cell8A
4082,182.664,61.845,Cell8A
4082.1,188.863,62.022,Cell8A
4082.2,195.077,62.176,Cell8A
4082.3,201.305,62.312,Cell8A
4082.4,207.547,62.439,Cell8A
4082.5,213.801,62.553,Cell8A
4082.6,220.064,62.656,Cell8A
4082.7,226.338,62.753,Cell8A
4082.8,232.621,62.846,Cell8A
4082.9,238.913,62.935,Cell8A
4083,245.211,63.027,Cell8A
4083.1,251.52,63.127,Cell8A
4083.2,257.839,63.235,Cell8A
4083.3,264.169,63.354,Cell8A
4083.4,270.512,63.485,Cell8A
4083.5,276.869,63.628,Cell8A
4083.6,283.241,63.784,Cell8A
4083.7,289.629,63.947,Cell8A
4083.8,296.033,64.122,Cell8A
4083.9,302.456,64.314,Cell8A
4084,308.899,64.508,Cell8A
4084.1,315.359,64.66,Cell8A
4084.2,321.834,64.776,Cell8A
4084.3,328.318,64.859,Cell8A
4084.4,334.809,64.918,Cell8A
4084.5,341.304,64.958,Cell8A
4084.6,347.803,64.98,Cell8A
4084.7,354.303,64.99,Cell8A
4084.8,360.803,64.993,Cell8A
4084.9,367.303,64.994,Cell8A
4085,373.803,64.995,Cell8A
4085.1,380.302,64.995,Cell8A
4085.2,386.802,64.995,Cell8A
4085.3,393.302,64.995,Cell8A
4085.4,399.801,64.995,Cell8A
4085.5,406.301,64.995,Cell8A
4085.6,412.8,64.995,Cell8A
4085.7,419.3,64.995,Cell8A
4085.8,425.799,64.995,Cell8A
4085.9,432.299,64.995,Cell8A
4086,438.798,64.995,Cell8A
4086.1,445.298,64.995,Cell8A
4086.2,451.797,64.995,Cell8A
4086.3,458.297,64.995,Cell8A
4086.4,464.796,64.995,Cell8A
4086.5,471.296,64.995,Cell8A
4086.6,477.795,64.995,Cell8A
4086.7,484.295,64.995,Cell8A
4086.8,490.794,64.995,Cell8A
4086.9,497.294,64.995,Cell8A
4087,503.793,64.995,Cell8A
4087.1,510.293,64.995,Cell8A
4087.2,516.792,64.995,Cell8A
4087.3,523.292,64.995,Cell8A
4087.4,529.791,64.995,Cell8A
4087.5,536.291,64.995,Cell8A
4087.6,542.79,64.995,Cell8A
4087.7,549.29,64.995,Cell8A
4087.8,555.789,64.995,Cell8A
4087.9,562.289,64.995,Cell8A
4088,568.788,64.995,Cell8A
4088.1,575.288,64.995,Cell8A
4088.2,581.787,64.995,Cell8A
4088.3,588.287,64.995,Cell8A
4088.4,594.786,64.995,Cell8A
4088.5,601.286,64.995,Cell8A
4088.6,607.785,64.995,Cell8A
4088.7,614.285,64.995,Cell8A
4088.8,620.784,64.995,Cell8A
4088.9,627.284,64.995,Cell8A
4089,633.784,64.995,Cell8A
4089.1,640.283,64.995,Cell8A
4089.2,646.783,64.995,Cell8A
4089.3,653.282,64.995,Cell8A
4089.4,659.782,64.995,Cell8A
4089.5,666.281,64.995,Cell8A
4089.6,672.781,64.995,Cell8A
4089.7,679.28,64.995,Cell8A
4089.8,685.78,64.995,Cell8A
4089.9,692.279,64.995,Cell8A
4090,698.779,64.995,Cell8A
4073.1,0,0,Cell8B
4073.2,0.117,1.337,Cell8B
4073.3,0.292,2.242,Cell8B
4073.4,0.544,2.846,Cell8B
4073.5,0.846,3.239,Cell8B
4073.6,1.181,3.528,Cell8B
4073.7,1.542,3.822,Cell8B
4073.8,1.93,4.068,Cell8B
4073.9,2.339,4.26,Cell8B
4074,2.768,4.433,Cell8B
4074.1,3.213,4.598,Cell8B
4074.2,3.675,4.758,Cell8B
4074.3,4.15,4.901,Cell8B
4074.4,4.64,5.028,Cell8B
4074.5,5.14,5.147,Cell8B
4074.6,5.651,5.266,Cell8B
4074.7,6.177,5.386,Cell8B
4074.8,6.712,5.508,Cell8B
4074.9,7.261,5.655,Cell8B
4075,7.824,5.854,Cell8B
4075.1,8.409,6.078,Cell8B
4075.2,9.016,6.297,Cell8B
4075.3,9.644,6.516,Cell8B
4075.4,10.294,6.73,Cell8B
4075.5,10.968,6.935,Cell8B
4075.6,11.661,7.134,Cell8B
4075.7,12.374,7.337,Cell8B
4075.8,13.109,7.548,Cell8B
4075.9,13.866,7.782,Cell8B
4076,14.649,8.049,Cell8B
4076.1,15.463,8.349,Cell8B
4076.2,16.307,8.691,Cell8B
4076.3,17.192,9.108,Cell8B
4076.4,18.128,9.68,Cell8B
4076.5,19.129,10.72,Cell8B
4076.6,20.288,13.201,Cell8B
4076.7,21.826,19.094,Cell8B
4076.8,24.187,30.788,Cell8B
4076.9,28.025,48.348,Cell8B
4077,33.883,72.138,Cell8B
4077.1,42.5,104.025,Cell8B
4077.2,54.661,142.157,Cell8B
4077.3,70.8,181.783,Cell8B
4077.4,90.83,219.214,Cell8B
4077.5,114.528,254.991,Cell8B
4077.6,141.8,291.417,Cell8B
4077.7,172.814,331.197,Cell8B
4077.8,208.065,376.21,Cell8B
4077.9,248.085,426.311,Cell8B
4078,293.346,479.402,Cell8B
4078.1,343.852,527.754,Cell8B
4078.2,398.85,567.974,Cell8B
4078.3,457.556,602.932,Cell8B
4078.4,519.672,635.994,Cell8B
4078.5,584.799,664.989,Cell8B
4078.6,652.579,686.728,Cell8B
4078.7,722.165,700.075,Cell8B
4078.8,792.64,707.224,Cell8B
4078.9,863.646,710.795,Cell8B
4079,934.866,712.776,Cell8B
4079.1,1006.232,714.202,Cell8B
4079.2,1077.718,715.37,Cell8B
4079.3,1149.312,716.421,Cell8B
4079.4,1221.005,717.388,Cell8B
4079.5,1292.788,718.258,Cell8B
4079.6,1364.654,719.035,Cell8B
4079.7,1436.593,719.756,Cell8B
4079.8,1508.6,720.415,Cell8B
4079.9,1580.672,721.014,Cell8B
4080,1652.798,721.564,Cell8B
4080.1,1724.979,722.073,Cell8B
4080.2,1797.21,722.55,Cell8B
4080.3,1869.488,722.987,Cell8B
4080.4,1941.805,723.394,Cell8B
4080.5,2014.16,723.78,Cell8B
4080.6,2086.554,724.142,Cell8B
4080.7,2158.987,724.491,Cell8B
4080.8,2231.45,724.83,Cell8B
4080.9,2303.951,725.162,Cell8B
4081,2376.481,725.489,Cell8B
4081.1,2449.049,725.812,Cell8B
4081.2,2521.647,726.136,Cell8B
4081.3,2594.278,726.465,Cell8B
4081.4,2666.941,726.805,Cell8B
4081.5,2739.64,727.163,Cell8B
4081.6,2812.375,727.541,Cell8B
4081.7,2885.149,727.939,Cell8B
4081.8,2957.967,728.366,Cell8B
4081.9,3030.827,728.818,Cell8B
4082,3103.735,729.308,Cell8B
4082.1,3176.695,729.824,Cell8B
4082.2,3249.708,730.353,Cell8B
4082.3,3322.773,730.889,Cell8B
4082.4,3395.892,731.421,Cell8B
4082.5,3469.065,731.939,Cell8B
4082.6,3542.29,732.468,Cell8B
4082.7,3615.571,733.008,Cell8B
4082.8,3688.902,733.54,Cell8B
4082.9,3762.291,734.066,Cell8B
4083,3835.725,734.603,Cell8B
4083.1,3909.219,735.124,Cell8B
4083.2,3982.762,735.615,Cell8B
4083.3,4056.352,736.072,Cell8B
4083.4,4129.986,736.503,Cell8B
4083.5,4203.663,736.946,Cell8B
4083.6,4277.385,737.397,Cell8B
4083.7,4351.153,737.875,Cell8B
4083.8,4424.971,738.389,Cell8B
4083.9,4498.842,738.909,Cell8B
4084,4572.765,739.396,Cell8B
4084.1,4646.732,739.806,Cell8B
4084.2,4720.737,740.158,Cell8B
4084.3,4794.775,740.466,Cell8B
4084.4,4868.841,740.716,Cell8B
4084.5,4942.929,740.913,Cell8B
4084.6,5017.031,741.046,Cell8B
4084.7,5091.145,741.142,Cell8B
4084.8,5165.266,741.217,Cell8B
4084.9,5239.395,741.269,Cell8B
4085,5313.526,741.311,Cell8B
4085.1,5387.662,741.349,Cell8B
4085.2,5461.801,741.377,Cell8B
4085.3,5535.941,741.402,Cell8B
4085.4,5610.084,741.423,Cell8B
4085.5,5684.227,741.432,Cell8B
4085.6,5758.371,741.437,Cell8B
4085.7,5832.516,741.44,Cell8B
4085.8,5906.66,741.444,Cell8B
4085.9,5980.805,741.447,Cell8B
4086,6054.95,741.449,Cell8B
4086.1,6129.095,741.451,Cell8B
4086.2,6203.24,741.454,Cell8B
4086.3,6277.386,741.456,Cell8B
4086.4,6351.532,741.457,Cell8B
4086.5,6425.677,741.458,Cell8B
4086.6,6499.823,741.459,Cell8B
4086.7,6573.969,741.459,Cell8B
4086.8,6648.115,741.459,Cell8B
4086.9,6722.261,741.459,Cell8B
4087,6796.407,741.459,Cell8B
4087.1,6870.553,741.459,Cell8B
4087.2,6944.698,741.459,Cell8B
4087.3,7018.844,741.459,Cell8B
4087.4,7092.99,741.459,Cell8B
4087.5,7167.136,741.459,Cell8B
4087.6,7241.282,741.459,Cell8B
4087.7,7315.428,741.459,Cell8B
4087.8,7389.574,741.459,Cell8B
4087.9,7463.719,741.459,Cell8B
4088,7537.865,741.459,Cell8B
4088.1,7612.011,741.459,Cell8B
4088.2,7686.157,741.459,Cell8B
4088.3,7760.303,741.459,Cell8B
4088.4,7834.449,741.459,Cell8B
4088.5,7908.595,741.459,Cell8B
4088.6,7982.74,741.459,Cell8B
4088.7,8056.886,741.459,Cell8B
4088.8,8131.032,741.459,Cell8B
4088.9,8205.178,741.459,Cell8B
4089,8279.324,741.459,Cell8B
4089.1,8353.47,741.459,Cell8B
4089.2,8427.616,741.459,Cell8B
4089.3,8501.761,741.459,Cell8B
4089.4,8575.907,741.459,Cell8B
4089.5,8650.053,741.459,Cell8B
4089.6,8724.199,741.459,Cell8B
4089.7,8798.345,741.459,Cell8B
4089.8,8872.491,741.459,Cell8B
4089.9,8946.637,741.459,Cell8B
4090,9020.782,741.459,Cell8B
4073.6,0,0,Cell9A
4073.7,0.06,0.291,Cell9A
4073.8,0.09,0.395,Cell9A
4073.9,0.13,0.521,Cell9A
4074,0.183,0.678,Cell9A
4074.1,0.253,0.861,Cell9A
4074.2,0.339,1.062,Cell9A
4074.3,0.444,1.29,Cell9A
4074.4,0.574,1.543,Cell9A
4074.5,0.726,1.825,Cell9A
4074.6,0.907,2.126,Cell9A
4074.7,1.117,2.439,Cell9A
4074.8,1.356,2.757,Cell9A
4074.9,1.626,3.08,Cell9A
4075,1.927,3.403,Cell9A
4075.1,2.262,3.722,Cell9A
4075.2,2.628,4.037,Cell9A
4075.3,3.023,4.348,Cell9A
4075.4,3.449,4.656,Cell9A
4075.5,3.905,4.956,Cell9A
4075.6,4.389,5.253,Cell9A
4075.7,4.905,5.549,Cell9A
4075.8,5.446,5.846,Cell9A
4075.9,6.023,6.145,Cell9A
4076,6.626,6.441,Cell9A
4076.1,7.264,6.742,Cell9A
4076.2,7.929,7.047,Cell9A
4076.3,8.624,7.359,Cell9A
4076.4,9.352,7.68,Cell9A
4076.5,10.11,8.02,Cell9A
4076.6,10.91,8.415,Cell9A
4076.7,11.756,8.893,Cell9A
4076.8,12.649,9.495,Cell9A
4076.9,13.618,10.296,Cell9A
4077,14.677,11.347,Cell9A
4077.1,15.852,12.749,Cell9A
4077.2,17.194,14.74,Cell9A
4077.3,18.775,17.689,Cell9A
4077.4,20.69,21.768,Cell9A
4077.5,23.064,26.862,Cell9A
4077.6,26.002,33.085,Cell9A
4077.7,29.619,40.485,Cell9A
4077.8,34.039,49.131,Cell9A
4077.9,39.375,58.694,Cell9A
4078,45.713,68.921,Cell9A
4078.1,53.116,79.69,Cell9A
4078.2,61.635,90.736,Cell9A
4078.3,71.273,102.21,Cell9A
4078.4,82.138,114.924,Cell9A
4078.5,94.295,129.665,Cell9A
4078.6,108.044,146.163,Cell9A
4078.7,123.517,163.218,Cell9A
4078.8,140.644,180.13,Cell9A
4078.9,159.537,197.096,Cell9A
4079,180.113,214.599,Cell9A
4079.1,202.46,233.092,Cell9A
4079.2,226.741,253.586,Cell9A
4079.3,253.223,277.832,Cell9A
4079.4,282.391,307.636,Cell9A
4079.5,314.804,342.47,Cell9A
4079.6,350.94,381.341,Cell9A
4079.7,391.211,424.419,Cell9A
4079.8,436.027,471.62,Cell9A
4079.9,485.627,517.931,Cell9A
4080,539.698,559.166,Cell9A
4080.1,597.454,589.712,Cell9A
4080.2,657.606,607.085,Cell9A
4080.3,718.936,615.374,Cell9A
4080.4,780.799,619.508,Cell9A
4080.5,842.929,621.965,Cell9A
4080.6,905.241,623.724,Cell9A
4080.7,967.709,625.141,Cell9A
4080.8,1030.288,626.329,Cell9A
4080.9,1092.988,627.354,Cell9A
4081,1155.774,628.266,Cell9A
4081.1,1218.654,629.05,Cell9A
4081.2,1281.603,629.726,Cell9A
4081.3,1344.61,630.311,Cell9A
4081.4,1407.673,630.838,Cell9A
4081.5,1470.784,631.32,Cell9A
4081.6,1533.945,631.783,Cell9A
4081.7,1597.15,632.229,Cell9A
4081.8,1660.398,632.662,Cell9A
4081.9,1723.687,633.075,Cell9A
4082,1787.019,633.481,Cell9A
4082.1,1850.392,633.884,Cell9A
4082.2,1913.804,634.285,Cell9A
4082.3,1977.258,634.688,Cell9A
4082.4,2040.751,635.101,Cell9A
4082.5,2104.285,635.515,Cell9A
4082.6,2167.863,635.942,Cell9A
4082.7,2231.486,636.383,Cell9A
4082.8,2295.147,636.834,Cell9A
4082.9,2358.863,637.321,Cell9A
4083,2422.627,637.867,Cell9A
4083.1,2486.451,638.463,Cell9A
4083.2,2550.339,639.108,Cell9A
4083.3,2614.292,639.803,Cell9A
4083.4,2678.317,640.573,Cell9A
4083.5,2742.424,641.422,Cell9A
4083.6,2806.617,642.254,Cell9A
4083.7,2870.89,643.082,Cell9A
4083.8,2935.252,643.984,Cell9A
4083.9,2999.702,644.863,Cell9A
4084,3064.239,645.746,Cell9A
4084.1,3128.866,646.612,Cell9A
4084.2,3193.579,647.437,Cell9A
4084.3,3258.366,648.146,Cell9A
4084.4,3323.221,648.786,Cell9A
4084.5,3388.136,649.352,Cell9A
4084.6,3453.104,649.859,Cell9A
4084.7,3518.122,650.375,Cell9A
4084.8,3583.19,650.913,Cell9A
4084.9,3648.317,651.449,Cell9A
4085,3713.491,651.961,Cell9A
4085.1,3778.717,652.413,Cell9A
4085.2,3843.985,652.802,Cell9A
4085.3,3909.29,653.195,Cell9A
4085.4,3974.633,653.587,Cell9A
4085.5,4040.013,653.938,Cell9A
4085.6,4105.427,654.256,Cell9A
4085.7,4170.871,654.546,Cell9A
4085.8,4236.342,654.792,Cell9A
4085.9,4301.834,654.988,Cell9A
4086,4367.344,655.147,Cell9A
4086.1,4432.868,655.289,Cell9A
4086.2,4498.406,655.413,Cell9A
4086.3,4563.955,655.53,Cell9A
4086.4,4629.515,655.647,Cell9A
4086.5,4695.087,655.751,Cell9A
4086.6,4760.669,655.843,Cell9A
4086.7,4826.259,655.93,Cell9A
4086.8,4891.857,656.003,Cell9A
4086.9,4957.462,656.064,Cell9A
4087,5023.072,656.104,Cell9A
4087.1,5088.685,656.133,Cell9A
4087.2,5154.3,656.156,Cell9A
4087.3,5219.917,656.173,Cell9A
4087.4,5285.535,656.185,Cell9A
4087.5,5351.155,656.193,Cell9A
4087.6,5416.775,656.199,Cell9A
4087.7,5482.395,656.203,Cell9A
4087.8,5548.016,656.207,Cell9A
4087.9,5613.637,656.212,Cell9A
4088,5679.258,656.217,Cell9A
4088.1,5744.88,656.22,Cell9A
4088.2,5810.502,656.22,Cell9A
4088.3,5876.124,656.22,Cell9A
4088.4,5941.746,656.22,Cell9A
4088.5,6007.368,656.22,Cell9A
4088.6,6072.99,656.22,Cell9A
4088.7,6138.612,656.22,Cell9A
4088.8,6204.234,656.22,Cell9A
4088.9,6269.856,656.22,Cell9A
4089,6335.478,656.22,Cell9A
4089.1,6401.1,656.22,Cell9A
4089.2,6466.723,656.22,Cell9A
4089.3,6532.345,656.22,Cell9A
4089.4,6597.967,656.22,Cell9A
4089.5,6663.589,656.22,Cell9A
4089.6,6729.211,656.22,Cell9A
4089.7,6794.833,656.22,Cell9A
4089.8,6860.455,656.22,Cell9A
4089.9,6926.077,656.22,Cell9A
4090,6991.699,656.22,Cell9A
